family	cohort	n	sample_id
cauris_8genome	Clade1_c200-400_n8	8	23-00007319
cauris_8genome	Clade1_c200-400_n8	8	24-00047405
cauris_8genome	Clade1_c200-400_n8	8	24-00049181
cauris_8genome	Clade1_c200-400_n8	8	24-00052730pu
cauris_8genome	Clade1_c200-400_n8	8	24-00056583
cauris_8genome	Clade1_c200-400_n8	8	25-00093498
cauris_8genome	Clade1_c200-400_n8	8	25-00094211
cauris_8genome	Clade1_c200-400_n8	8	WA0764277
cauris_8genome	Clade1_c400-700_n8	8	22-00067451
cauris_8genome	Clade1_c400-700_n8	8	23-00010168
cauris_8genome	Clade1_c400-700_n8	8	23-00026483p
cauris_8genome	Clade1_c400-700_n8	8	24-00049010
cauris_8genome	Clade1_c400-700_n8	8	24-00055445pi
cauris_8genome	Clade1_c400-700_n8	8	24-00057026
cauris_8genome	Clade1_c400-700_n8	8	24-00073557
cauris_8genome	Clade1_c400-700_n8	8	24-00089515
cauris_8genome	Clade1_c700-1200_n8	8	22-00053749
cauris_8genome	Clade1_c700-1200_n8	8	22-00075835
cauris_8genome	Clade1_c700-1200_n8	8	23-00011916
cauris_8genome	Clade1_c700-1200_n8	8	23-00015880
cauris_8genome	Clade1_c700-1200_n8	8	23-00021908
cauris_8genome	Clade1_c700-1200_n8	8	23-00029377
cauris_8genome	Clade1_c700-1200_n8	8	24-00055058pi
cauris_8genome	Clade1_c700-1200_n8	8	25-00091675
cauris_8genome	Clade3_c200-400_n8	8	22-00070432
cauris_8genome	Clade3_c200-400_n8	8	23-00010454
cauris_8genome	Clade3_c200-400_n8	8	23-00020837
cauris_8genome	Clade3_c200-400_n8	8	23-00020952
cauris_8genome	Clade3_c200-400_n8	8	23-00039944
cauris_8genome	Clade3_c200-400_n8	8	23-00040957
cauris_8genome	Clade3_c200-400_n8	8	24-00067599pu
cauris_8genome	Clade3_c200-400_n8	8	24-00069423
cauris_8genome	Clade3_c400-700_n8	8	22-00076532
cauris_8genome	Clade3_c400-700_n8	8	22-00083466
cauris_8genome	Clade3_c400-700_n8	8	22-00087145
cauris_8genome	Clade3_c400-700_n8	8	23-00016426
cauris_8genome	Clade3_c400-700_n8	8	23-00036290
cauris_8genome	Clade3_c400-700_n8	8	23-00037646
cauris_8genome	Clade3_c400-700_n8	8	24-00055058pu
cauris_8genome	Clade3_c400-700_n8	8	24-00078454
cauris_8genome	Clade3_c700-1200_n8	8	22-00067443
cauris_8genome	Clade3_c700-1200_n8	8	23-00000731
cauris_8genome	Clade3_c700-1200_n8	8	23-00017432
cauris_8genome	Clade3_c700-1200_n8	8	24-00060770
cauris_8genome	Clade3_c700-1200_n8	8	24-00061295
cauris_8genome	Clade3_c700-1200_n8	8	24-00071599
cauris_8genome	Clade3_c700-1200_n8	8	24-00087934
cauris_8genome	Clade3_c700-1200_n8	8	25-00094928
cauris_scaling	cauris_scaling_n25	25	22-00052321
cauris_scaling	cauris_scaling_n25	25	22-00053749
cauris_scaling	cauris_scaling_n25	25	22-00053755
cauris_scaling	cauris_scaling_n25	25	22-00058000
cauris_scaling	cauris_scaling_n25	25	22-00060062
cauris_scaling	cauris_scaling_n25	25	22-00067443
cauris_scaling	cauris_scaling_n25	25	22-00067451
cauris_scaling	cauris_scaling_n25	25	22-00070432
cauris_scaling	cauris_scaling_n25	25	22-00072369
cauris_scaling	cauris_scaling_n25	25	22-00075835
cauris_scaling	cauris_scaling_n25	25	22-00076532
cauris_scaling	cauris_scaling_n25	25	22-00077801
cauris_scaling	cauris_scaling_n25	25	22-00079204
cauris_scaling	cauris_scaling_n25	25	22-00080199
cauris_scaling	cauris_scaling_n25	25	22-00081280
cauris_scaling	cauris_scaling_n25	25	22-00081474
cauris_scaling	cauris_scaling_n25	25	22-00082469
cauris_scaling	cauris_scaling_n25	25	22-00083265
cauris_scaling	cauris_scaling_n25	25	22-00083391
cauris_scaling	cauris_scaling_n25	25	22-00083466
cauris_scaling	cauris_scaling_n25	25	22-00084063
cauris_scaling	cauris_scaling_n25	25	22-00087145
cauris_scaling	cauris_scaling_n25	25	22-00089068
cauris_scaling	cauris_scaling_n25	25	22-00090692
cauris_scaling	cauris_scaling_n25	25	22-00092792
cauris_scaling	cauris_scaling_n50	50	22-00052321
cauris_scaling	cauris_scaling_n50	50	22-00053749
cauris_scaling	cauris_scaling_n50	50	22-00053755
cauris_scaling	cauris_scaling_n50	50	22-00058000
cauris_scaling	cauris_scaling_n50	50	22-00060062
cauris_scaling	cauris_scaling_n50	50	22-00067443
cauris_scaling	cauris_scaling_n50	50	22-00067451
cauris_scaling	cauris_scaling_n50	50	22-00070432
cauris_scaling	cauris_scaling_n50	50	22-00072369
cauris_scaling	cauris_scaling_n50	50	22-00075835
cauris_scaling	cauris_scaling_n50	50	22-00076532
cauris_scaling	cauris_scaling_n50	50	22-00077801
cauris_scaling	cauris_scaling_n50	50	22-00079204
cauris_scaling	cauris_scaling_n50	50	22-00080199
cauris_scaling	cauris_scaling_n50	50	22-00081280
cauris_scaling	cauris_scaling_n50	50	22-00081474
cauris_scaling	cauris_scaling_n50	50	22-00082469
cauris_scaling	cauris_scaling_n50	50	22-00083265
cauris_scaling	cauris_scaling_n50	50	22-00083391
cauris_scaling	cauris_scaling_n50	50	22-00083466
cauris_scaling	cauris_scaling_n50	50	22-00084063
cauris_scaling	cauris_scaling_n50	50	22-00087145
cauris_scaling	cauris_scaling_n50	50	22-00089068
cauris_scaling	cauris_scaling_n50	50	22-00090692
cauris_scaling	cauris_scaling_n50	50	22-00092792
cauris_scaling	cauris_scaling_n50	50	23-00000731
cauris_scaling	cauris_scaling_n50	50	23-00000741
cauris_scaling	cauris_scaling_n50	50	23-00002885
cauris_scaling	cauris_scaling_n50	50	23-00003958
cauris_scaling	cauris_scaling_n50	50	23-00004013
cauris_scaling	cauris_scaling_n50	50	23-00004017
cauris_scaling	cauris_scaling_n50	50	23-00007319
cauris_scaling	cauris_scaling_n50	50	23-00008383
cauris_scaling	cauris_scaling_n50	50	23-00010168
cauris_scaling	cauris_scaling_n50	50	23-00010339
cauris_scaling	cauris_scaling_n50	50	23-00010454
cauris_scaling	cauris_scaling_n50	50	23-00010466
cauris_scaling	cauris_scaling_n50	50	23-00011916
cauris_scaling	cauris_scaling_n50	50	23-00012134
cauris_scaling	cauris_scaling_n50	50	23-00012846
cauris_scaling	cauris_scaling_n50	50	23-00015880
cauris_scaling	cauris_scaling_n50	50	23-00016157
cauris_scaling	cauris_scaling_n50	50	23-00016426
cauris_scaling	cauris_scaling_n50	50	23-00016523
cauris_scaling	cauris_scaling_n50	50	23-00017432
cauris_scaling	cauris_scaling_n50	50	23-00017948
cauris_scaling	cauris_scaling_n50	50	23-00020573
cauris_scaling	cauris_scaling_n50	50	23-00020837
cauris_scaling	cauris_scaling_n50	50	23-00020952
cauris_scaling	cauris_scaling_n50	50	23-00021908
cauris_scaling	cauris_scaling_n100	100	22-00052321
cauris_scaling	cauris_scaling_n100	100	22-00053749
cauris_scaling	cauris_scaling_n100	100	22-00053755
cauris_scaling	cauris_scaling_n100	100	22-00058000
cauris_scaling	cauris_scaling_n100	100	22-00060062
cauris_scaling	cauris_scaling_n100	100	22-00067443
cauris_scaling	cauris_scaling_n100	100	22-00067451
cauris_scaling	cauris_scaling_n100	100	22-00070432
cauris_scaling	cauris_scaling_n100	100	22-00072369
cauris_scaling	cauris_scaling_n100	100	22-00075835
cauris_scaling	cauris_scaling_n100	100	22-00076532
cauris_scaling	cauris_scaling_n100	100	22-00077801
cauris_scaling	cauris_scaling_n100	100	22-00079204
cauris_scaling	cauris_scaling_n100	100	22-00080199
cauris_scaling	cauris_scaling_n100	100	22-00081280
cauris_scaling	cauris_scaling_n100	100	22-00081474
cauris_scaling	cauris_scaling_n100	100	22-00082469
cauris_scaling	cauris_scaling_n100	100	22-00083265
cauris_scaling	cauris_scaling_n100	100	22-00083391
cauris_scaling	cauris_scaling_n100	100	22-00083466
cauris_scaling	cauris_scaling_n100	100	22-00084063
cauris_scaling	cauris_scaling_n100	100	22-00087145
cauris_scaling	cauris_scaling_n100	100	22-00089068
cauris_scaling	cauris_scaling_n100	100	22-00090692
cauris_scaling	cauris_scaling_n100	100	22-00092792
cauris_scaling	cauris_scaling_n100	100	23-00000731
cauris_scaling	cauris_scaling_n100	100	23-00000741
cauris_scaling	cauris_scaling_n100	100	23-00002885
cauris_scaling	cauris_scaling_n100	100	23-00003958
cauris_scaling	cauris_scaling_n100	100	23-00004013
cauris_scaling	cauris_scaling_n100	100	23-00004017
cauris_scaling	cauris_scaling_n100	100	23-00007319
cauris_scaling	cauris_scaling_n100	100	23-00008383
cauris_scaling	cauris_scaling_n100	100	23-00010168
cauris_scaling	cauris_scaling_n100	100	23-00010339
cauris_scaling	cauris_scaling_n100	100	23-00010454
cauris_scaling	cauris_scaling_n100	100	23-00010466
cauris_scaling	cauris_scaling_n100	100	23-00011916
cauris_scaling	cauris_scaling_n100	100	23-00012134
cauris_scaling	cauris_scaling_n100	100	23-00012846
cauris_scaling	cauris_scaling_n100	100	23-00015880
cauris_scaling	cauris_scaling_n100	100	23-00016157
cauris_scaling	cauris_scaling_n100	100	23-00016426
cauris_scaling	cauris_scaling_n100	100	23-00016523
cauris_scaling	cauris_scaling_n100	100	23-00017432
cauris_scaling	cauris_scaling_n100	100	23-00017948
cauris_scaling	cauris_scaling_n100	100	23-00020573
cauris_scaling	cauris_scaling_n100	100	23-00020837
cauris_scaling	cauris_scaling_n100	100	23-00020952
cauris_scaling	cauris_scaling_n100	100	23-00021908
cauris_scaling	cauris_scaling_n100	100	23-00021924
cauris_scaling	cauris_scaling_n100	100	23-00021968
cauris_scaling	cauris_scaling_n100	100	23-00022579
cauris_scaling	cauris_scaling_n100	100	23-00025120
cauris_scaling	cauris_scaling_n100	100	23-00026483p
cauris_scaling	cauris_scaling_n100	100	23-00026625pi
cauris_scaling	cauris_scaling_n100	100	23-00027914
cauris_scaling	cauris_scaling_n100	100	23-00029377
cauris_scaling	cauris_scaling_n100	100	23-00030092
cauris_scaling	cauris_scaling_n100	100	23-00030535
cauris_scaling	cauris_scaling_n100	100	23-00032327
cauris_scaling	cauris_scaling_n100	100	23-00033050
cauris_scaling	cauris_scaling_n100	100	23-00033061
cauris_scaling	cauris_scaling_n100	100	23-00036290
cauris_scaling	cauris_scaling_n100	100	23-00037646
cauris_scaling	cauris_scaling_n100	100	23-00039944
cauris_scaling	cauris_scaling_n100	100	23-00039957
cauris_scaling	cauris_scaling_n100	100	23-00040957
cauris_scaling	cauris_scaling_n100	100	23-00044728
cauris_scaling	cauris_scaling_n100	100	24-00047405
cauris_scaling	cauris_scaling_n100	100	24-00048487
cauris_scaling	cauris_scaling_n100	100	24-00049010
cauris_scaling	cauris_scaling_n100	100	24-00049181
cauris_scaling	cauris_scaling_n100	100	24-00049409
cauris_scaling	cauris_scaling_n100	100	24-00052535
cauris_scaling	cauris_scaling_n100	100	24-00052730pu
cauris_scaling	cauris_scaling_n100	100	24-00054162
cauris_scaling	cauris_scaling_n100	100	24-00054409
cauris_scaling	cauris_scaling_n100	100	24-00055058pi
cauris_scaling	cauris_scaling_n100	100	24-00055058pu
cauris_scaling	cauris_scaling_n100	100	24-00055445pi
cauris_scaling	cauris_scaling_n100	100	24-00056198
cauris_scaling	cauris_scaling_n100	100	24-00056205
cauris_scaling	cauris_scaling_n100	100	24-00056418
cauris_scaling	cauris_scaling_n100	100	24-00056583
cauris_scaling	cauris_scaling_n100	100	24-00056590
cauris_scaling	cauris_scaling_n100	100	24-00057026
cauris_scaling	cauris_scaling_n100	100	24-00057057
cauris_scaling	cauris_scaling_n100	100	24-00057260
cauris_scaling	cauris_scaling_n100	100	24-00058595
cauris_scaling	cauris_scaling_n100	100	24-00058648
cauris_scaling	cauris_scaling_n100	100	24-00058722
cauris_scaling	cauris_scaling_n100	100	24-00059012pi
cauris_scaling	cauris_scaling_n100	100	24-00059271
cauris_scaling	cauris_scaling_n100	100	24-00059417pi
cauris_scaling	cauris_scaling_n100	100	24-00060048
cauris_scaling	cauris_scaling_n100	100	24-00060089
cauris_scaling	cauris_scaling_n100	100	24-00060198
cauris_scaling	cauris_scaling_n100	100	24-00060770
cauris_scaling	cauris_scaling_n100	100	24-00061056
xspecies	ecoli_close	10	GCA_000021125_1
xspecies	ecoli_close	10	GCA_000022225_1
xspecies	ecoli_close	10	GCA_000171915_1
xspecies	ecoli_close	10	GCA_000171955_1
xspecies	ecoli_close	10	GCA_000181755_1
xspecies	ecoli_close	10	GCA_000181775_1
xspecies	ecoli_close	10	GCA_000267445_2
xspecies	ecoli_close	10	GCA_000267465_2
xspecies	ecoli_close	10	GCA_000267925_2
xspecies	ecoli_close	10	GCA_000305415_2
xspecies	ecoli_diverse	10	GCA_003792065_1
xspecies	ecoli_diverse	10	GCA_012096775_1
xspecies	ecoli_diverse	10	GCA_012369265_2
xspecies	ecoli_diverse	10	GCA_013066265_1
xspecies	ecoli_diverse	10	GCA_013632955_1
xspecies	ecoli_diverse	10	GCA_014527585_1
xspecies	ecoli_diverse	10	GCA_037483805_1
xspecies	ecoli_diverse	10	GCA_040253985_1
xspecies	ecoli_diverse	10	GCA_958307945_1
xspecies	ecoli_diverse	10	GCA_961210495_1
xspecies	pseudomonas_close	10	GCA_000794925_1
xspecies	pseudomonas_close	10	GCA_000795865_1
xspecies	pseudomonas_close	10	GCA_000796025_1
xspecies	pseudomonas_close	10	GCA_000796365_1
xspecies	pseudomonas_close	10	GCA_000796845_1
xspecies	pseudomonas_close	10	GCA_000797085_1
xspecies	pseudomonas_close	10	GCA_000797395_1
xspecies	pseudomonas_close	10	GCA_000981825_1
xspecies	pseudomonas_close	10	GCA_001180385_1
xspecies	pseudomonas_close	10	GCA_001180405_1
xspecies	pseudomonas_diverse	10	GCA_000496605_2
xspecies	pseudomonas_diverse	10	GCA_000792575_1
xspecies	pseudomonas_diverse	10	GCA_026239815_1
xspecies	pseudomonas_diverse	10	GCA_026533455_1
xspecies	pseudomonas_diverse	10	GCA_033629345_1
xspecies	pseudomonas_diverse	10	GCA_040407665_1
xspecies	pseudomonas_diverse	10	GCA_045922745_1
xspecies	pseudomonas_diverse	10	GCA_050277735_1
xspecies	pseudomonas_diverse	10	GCA_054961385_1
xspecies	pseudomonas_diverse	10	GCA_905068165_1
xspecies	salmonella_close	10	GCA_000612325_1
xspecies	salmonella_close	10	GCA_008015975_1
xspecies	salmonella_close	10	GCA_009618655_1
xspecies	salmonella_close	10	GCA_009620735_1
xspecies	salmonella_close	10	GCA_009628155_1
xspecies	salmonella_close	10	GCA_009628385_1
xspecies	salmonella_close	10	GCA_009629115_1
xspecies	salmonella_close	10	GCA_009629575_1
xspecies	salmonella_close	10	GCA_009629635_1
xspecies	salmonella_close	10	GCA_011084405_1
xspecies	salmonella_diverse	10	GCA_001879775_1
xspecies	salmonella_diverse	10	GCA_006167965_1
xspecies	salmonella_diverse	10	GCA_006310425_1
xspecies	salmonella_diverse	10	GCA_007187355_1
xspecies	salmonella_diverse	10	GCA_008490345_1
xspecies	salmonella_diverse	10	GCA_010703565_1
xspecies	salmonella_diverse	10	GCA_031060835_1
xspecies	salmonella_diverse	10	GCA_036869665_1
xspecies	salmonella_diverse	10	GCA_039876395_1
xspecies	salmonella_diverse	10	GCA_042154585_1
xspecies	shigella_close	10	GCA_000815905_1
xspecies	shigella_close	10	GCA_014040095_1
xspecies	shigella_close	10	GCA_014040115_1
xspecies	shigella_close	10	GCA_014040195_1
xspecies	shigella_close	10	GCA_014040215_1
xspecies	shigella_close	10	GCA_014040695_1
xspecies	shigella_close	10	GCA_016766315_1
xspecies	shigella_close	10	GCA_016766355_1
xspecies	shigella_close	10	GCA_016766415_1
xspecies	shigella_close	10	GCA_016766435_1
xspecies	shigella_diverse	10	GCA_003894275_1
xspecies	shigella_diverse	10	GCA_004182855_1
xspecies	shigella_diverse	10	GCA_013968785_1
xspecies	shigella_diverse	10	GCA_014011155_1
xspecies	shigella_diverse	10	GCA_014022055_1
xspecies	shigella_diverse	10	GCA_014429075_1
xspecies	shigella_diverse	10	GCA_020806745_1
xspecies	shigella_diverse	10	GCA_031892625_1
xspecies	shigella_diverse	10	GCA_040493375_1
xspecies	shigella_diverse	10	GCA_902504855_1
